{"lr": 0.0001, "data_time": 0.0007919788360595704, "loss": 0.4195062041282654, "time": 0.15287814140319825, "epoch": 1, "iter": 716, "memory": 1225, "step": 716}
{"accuracy/top1": 68.46690368652344, "data_time": 0.0021917861513144465, "time": 0.012607290354339919, "step": 1}
