{"lr": 0.01, "data_time": 0.0007818937301635742, "loss": 0.6858962833881378, "time": 0.16474039554595948, "epoch": 1, "iter": 716, "memory": 449, "step": 716}
