{"lr": 0.1, "data_time": 0.0009160757064819336, "loss": 17.449435567855836, "time": 0.02203235626220703, "epoch": 1, "iter": 12, "memory": 1034, "step": 12}
