{"lr": 0.01, "data_time": 0.0014899730682373046, "loss": 0.0, "time": 0.01716890335083008, "epoch": 1, "iter": 716, "memory": 562, "step": 716}
