{"accuracy/top1": 83.79791259765625, "data_time": 0.05324934588538276, "time": 0.27500412199232316}