{"lr": 0.1, "data_time": 0.2280721664428711, "loss": 0.22726377844810486, "time": 3.6144421100616455, "epoch": 1, "iter": 1, "step": 1}
