{"lr": 0.01, "data_time": 0.002350926399230957, "loss": 1.3978541672229767, "time": 0.02535121440887451, "epoch": 1, "iter": 12, "memory": 1034, "step": 12}
{"lr": 0.01, "data_time": 0.0003057718276977539, "loss": 0.30423961728811266, "time": 0.022182607650756837, "epoch": 1, "iter": 2014, "memory": 1034, "step": 2014}
{"lr": 0.01, "data_time": 0.00030217170715332033, "loss": 0.038977564702508974, "time": 0.022562956809997557, "epoch": 1, "iter": 4028, "memory": 1034, "step": 4028}
