{"lr": 0.1, "data_time": 0.22312378883361816, "loss": 0.22423730790615082, "time": 3.6156187057495117, "epoch": 1, "iter": 1, "step": 1}
{"accuracy/top1": 25.0, "data_time": 0.03297168016433716, "time": 0.3353049159049988, "step": 1}
