{"lr": 0.1, "data_time": 0.20696210861206055, "loss": 0.09777413308620453, "time": 3.7097432613372803, "epoch": 1, "iter": 1, "step": 1}
{"accuracy/top1": 25.0, "data_time": 0.03341710567474365, "time": 0.33049505949020386, "step": 1}
{"lr": 0.1, "data_time": 0.16065120697021484, "loss": 0.6486388370394707, "time": 3.8319655656814575, "epoch": 2, "iter": 2, "step": 2}
{"accuracy/top1": 25.0, "data_time": 0.010290050506591797, "time": 0.295178747177124, "step": 2}
{"lr": 0.1, "data_time": 0.15222668647766113, "loss": 87.18619989852111, "time": 3.7172651290893555, "epoch": 3, "iter": 3, "step": 3}
{"accuracy/top1": 25.0, "data_time": 0.01020965576171875, "time": 0.29602437019348143, "step": 3}
{"lr": 0.1, "data_time": 0.1488354206085205, "loss": 2068618.139649924, "time": 3.6970515847206116, "epoch": 4, "iter": 4, "step": 4}
{"accuracy/top1": 0.0, "data_time": 0.009598731994628906, "time": 0.29776887893676757, "step": 4}
{"lr": 0.1, "data_time": 0.15308547019958496, "loss": 7.907375189740845e+21, "time": 3.659659671783447, "epoch": 5, "iter": 5, "step": 5}
{"accuracy/top1": 0.0, "data_time": 0.01087794303894043, "time": 0.30106101036071775, "step": 5}
{"lr": 0.1, "data_time": 0.1501495043436686, "loss": NaN, "time": 3.6058297157287598, "epoch": 6, "iter": 6, "step": 6}
