{"accuracy/top1": 82.40418243408203, "data_time": 0.008257071177164713, "time": 0.17566015985276964}