{"lr": 0.1, "data_time": 0.0023433446884155275, "loss": 11.804870688915253, "time": 0.026123929023742675, "epoch": 1, "iter": 12, "memory": 1034, "step": 12}
