{"accuracy/top1": 13.414634704589844, "data_time": 0.007980525493621826, "time": 0.17571606238683066}