{"lr": 0.1, "data_time": 0.2455589771270752, "loss": 3.0087172985076904, "time": 3.6527512073516846, "epoch": 1, "iter": 1, "step": 1}
{"accuracy/top1": 25.0, "data_time": 0.03448200225830078, "time": 0.3273235559463501, "step": 1}
{"lr": 0.1, "data_time": 0.1925410032272339, "loss": 1951846.0043586493, "time": 3.7893383502960205, "epoch": 2, "iter": 2, "step": 2}
{"accuracy/top1": 0.0, "data_time": 0.012108516693115235, "time": 0.2944967746734619, "step": 2}
