{"lr": 0.01, "data_time": 0.0005387306213378906, "loss": 0.5988476485013962, "time": 0.1544957637786865, "epoch": 1, "iter": 716, "memory": 449, "step": 716}
