{"lr": 0.1, "data_time": 0.18689560890197754, "loss": 0.24504560232162476, "time": 3.6383752822875977, "epoch": 1, "iter": 1, "step": 1}
{"accuracy/top1": 25.0, "data_time": 0.0325087308883667, "time": 0.34122276306152344, "step": 1}
{"lr": 0.1, "data_time": 0.14789283275604248, "loss": 0.17660925164818764, "time": 4.00447690486908, "epoch": 2, "iter": 2, "step": 2}
{"accuracy/top1": 50.0, "data_time": 0.01192460060119629, "time": 0.2983394145965576, "step": 2}
{"lr": 0.1, "data_time": 0.1456011931101481, "loss": 0.15920881927013397, "time": 3.818259318669637, "epoch": 3, "iter": 3, "step": 3}
{"accuracy/top1": 25.0, "data_time": 0.012596845626831055, "time": 0.2924555778503418, "step": 3}
{"lr": 0.1, "data_time": 0.14588111639022827, "loss": 0.15423444285988808, "time": 3.7132333517074585, "epoch": 4, "iter": 4, "step": 4}
{"accuracy/top1": 25.0, "data_time": 0.011798572540283204, "time": 0.30207338333129885, "step": 4}
{"lr": 0.1, "data_time": 0.1434885025024414, "loss": 0.15228309631347656, "time": 3.6583173751831053, "epoch": 5, "iter": 5, "step": 5}
{"accuracy/top1": 25.0, "data_time": 0.011414146423339844, "time": 0.2993142127990723, "step": 5}
{"lr": 0.1, "data_time": 0.14019529024759927, "loss": 0.1505176971356074, "time": 3.623098452885946, "epoch": 6, "iter": 6, "step": 6}
{"accuracy/top1": 25.0, "data_time": 0.011161375045776366, "time": 0.30330524444580076, "step": 6}
{"lr": 0.1, "data_time": 0.1374859128679548, "loss": 0.14748786176953996, "time": 3.605206251144409, "epoch": 7, "iter": 7, "step": 7}
{"accuracy/top1": 25.0, "data_time": 0.011455345153808593, "time": 0.2951678276062012, "step": 7}
{"lr": 0.1, "data_time": 0.139438658952713, "loss": 0.14255992136895657, "time": 3.5910737812519073, "epoch": 8, "iter": 8, "step": 8}
{"accuracy/top1": 25.0, "data_time": 0.0114990234375, "time": 0.30777568817138673, "step": 8}
{"lr": 0.1, "data_time": 0.13807906044854057, "loss": 0.13681933118237388, "time": 3.5771317217085095, "epoch": 9, "iter": 9, "step": 9}
{"accuracy/top1": 25.0, "data_time": 0.01168231964111328, "time": 0.2975640773773193, "step": 9}
{"lr": 0.1, "data_time": 0.13704781532287597, "loss": 0.13178187012672424, "time": 3.5690398454666137, "epoch": 10, "iter": 10, "step": 10}
{"accuracy/top1": 25.0, "data_time": 0.007306385040283203, "time": 0.2905923366546631, "step": 10}
{"lr": 0.1, "data_time": 0.13255782127380372, "loss": 0.11591824293136596, "time": 3.5590269327163697, "epoch": 11, "iter": 11, "step": 11}
{"accuracy/top1": 25.0, "data_time": 0.0082733154296875, "time": 0.2920112133026123, "step": 11}
{"lr": 0.1, "data_time": 0.1336803913116455, "loss": 0.11380013152956962, "time": 3.4646127700805662, "epoch": 12, "iter": 12, "step": 12}
{"accuracy/top1": 25.0, "data_time": 0.007883930206298828, "time": 0.29445409774780273, "step": 12}
{"lr": 0.1, "data_time": 0.13383944034576417, "loss": 0.1101046308875084, "time": 3.466312074661255, "epoch": 13, "iter": 13, "step": 13}
{"accuracy/top1": 50.0, "data_time": 0.01047968864440918, "time": 0.29488844871520997, "step": 13}
