{"lr": 5e-05, "data_time": 0.00047338008880615234, "loss": 2.5903324723243712, "time": 0.05050723552703858, "epoch": 1, "iter": 866, "memory": 1224, "step": 866}
{"accuracy/top1": 83.62369537353516, "data_time": 0.0024976281754231205, "time": 0.01313881010128646, "step": 1}
{"lr": 5e-05, "data_time": 0.0003814697265625, "loss": 0.42458295822143555, "time": 0.03798389434814453, "epoch": 2, "iter": 1732, "memory": 1227, "step": 1732}
{"accuracy/top1": 74.91289520263672, "data_time": 0.002175062428350034, "time": 0.012582315362018088, "step": 2}
