{"lr": 0.1, "data_time": 0.21949315071105957, "loss": 0.4065744876861572, "time": 3.634923219680786, "epoch": 1, "iter": 1, "step": 1}
