{"lr": 0.1, "data_time": 0.21124267578125, "loss": 2.277601718902588, "time": 3.6122488975524902, "epoch": 1, "iter": 1, "step": 1}
