{"lr": 0.1, "data_time": 0.2202129364013672, "loss": 0.26557832956314087, "time": 3.707427740097046, "epoch": 1, "iter": 1, "step": 1}
{"accuracy/top1": 25.0, "data_time": 0.03379404544830322, "time": 0.3281756639480591, "step": 1}
{"lr": 0.1, "data_time": 0.17289495468139648, "loss": 0.21036814153194427, "time": 3.768195390701294, "epoch": 2, "iter": 2, "step": 2}
{"accuracy/top1": 75.0, "data_time": 0.011441993713378906, "time": 0.29125251770019533, "step": 2}
{"lr": 0.1, "data_time": 0.16704392433166504, "loss": 0.1573211525877317, "time": 3.653672377268473, "epoch": 3, "iter": 3, "step": 3}
{"accuracy/top1": 75.0, "data_time": 0.009970760345458985, "time": 0.29352617263793945, "step": 3}
{"lr": 0.1, "data_time": 0.16290932893753052, "loss": 0.12268989207223058, "time": 3.615947723388672, "epoch": 4, "iter": 4, "step": 4}
{"accuracy/top1": 75.0, "data_time": 0.011354446411132812, "time": 0.301558256149292, "step": 4}
{"lr": 0.1, "data_time": 0.15323472023010254, "loss": 0.09855544515885413, "time": 3.5919536113739015, "epoch": 5, "iter": 5, "step": 5}
{"accuracy/top1": 75.0, "data_time": 0.009739160537719727, "time": 0.29163661003112795, "step": 5}
{"lr": 0.1, "data_time": 0.14960229396820068, "loss": 0.08217944059288129, "time": 3.5758142471313477, "epoch": 6, "iter": 6, "step": 6}
{"accuracy/top1": 75.0, "data_time": 0.010871791839599609, "time": 0.30223731994628905, "step": 6}
{"lr": 0.1, "data_time": 0.14592061723981584, "loss": 0.07050954530547772, "time": 3.5552234990256175, "epoch": 7, "iter": 7, "step": 7}
{"accuracy/top1": 75.0, "data_time": 0.008563661575317382, "time": 0.29895820617675783, "step": 7}
{"lr": 0.1, "data_time": 0.14281794428825378, "loss": 0.06176089887594571, "time": 3.545940011739731, "epoch": 8, "iter": 8, "step": 8}
{"accuracy/top1": 75.0, "data_time": 0.011359977722167968, "time": 0.29663891792297364, "step": 8}
{"lr": 0.1, "data_time": 0.14128165774875218, "loss": 0.05492406819798311, "time": 3.5480728414323597, "epoch": 9, "iter": 9, "step": 9}
{"accuracy/top1": 75.0, "data_time": 0.00751800537109375, "time": 0.2899169445037842, "step": 9}
{"lr": 0.1, "data_time": 0.14224390983581542, "loss": 0.04945259172236547, "time": 3.5399443387985228, "epoch": 10, "iter": 10, "step": 10}
{"accuracy/top1": 75.0, "data_time": 0.011384725570678711, "time": 0.30341382026672364, "step": 10}
{"lr": 0.1, "data_time": 0.13249800205230713, "loss": 0.022895766654437467, "time": 3.5120091438293457, "epoch": 11, "iter": 11, "step": 11}
{"accuracy/top1": 75.0, "data_time": 0.008658170700073242, "time": 0.2960235595703125, "step": 11}
{"lr": 0.1, "data_time": 0.133494234085083, "loss": 0.007380077208188141, "time": 3.4839500427246093, "epoch": 12, "iter": 12, "step": 12}
{"accuracy/top1": 75.0, "data_time": 0.01142292022705078, "time": 0.29900784492492677, "step": 12}
{"lr": 0.1, "data_time": 0.13030176162719725, "loss": 0.0022574003376604423, "time": 3.4958166122436523, "epoch": 13, "iter": 13, "step": 13}
{"accuracy/top1": 75.0, "data_time": 0.009626626968383789, "time": 0.2936848640441895, "step": 13}
{"lr": 0.1, "data_time": 0.12766654491424562, "loss": 0.00038011061933787007, "time": 3.4999058723449705, "epoch": 14, "iter": 14, "step": 14}
{"accuracy/top1": 75.0, "data_time": 0.011183404922485351, "time": 0.304350757598877, "step": 14}
{"lr": 0.1, "data_time": 0.12803971767425537, "loss": 0.00017841769012250097, "time": 3.496120023727417, "epoch": 15, "iter": 15, "step": 15}
{"accuracy/top1": 75.0, "data_time": 0.008844757080078125, "time": 0.30372796058654783, "step": 15}
{"lr": 0.1, "data_time": 0.12734434604644776, "loss": 0.0001484802547089714, "time": 3.505031442642212, "epoch": 16, "iter": 16, "step": 16}
{"accuracy/top1": 75.0, "data_time": 0.01141500473022461, "time": 0.3044588088989258, "step": 16}
{"lr": 0.1, "data_time": 0.1286261796951294, "loss": 9.998233594856742e-05, "time": 3.517313313484192, "epoch": 17, "iter": 17, "step": 17}
{"accuracy/top1": 75.0, "data_time": 0.010638046264648437, "time": 0.30095372200012205, "step": 17}
{"lr": 0.1, "data_time": 0.12888665199279786, "loss": 4.8376906395475316e-05, "time": 3.5159151554107666, "epoch": 18, "iter": 18, "step": 18}
{"accuracy/top1": 100.0, "data_time": 0.013678169250488282, "time": 0.3137653350830078, "step": 18}
{"lr": 0.1, "data_time": 0.1279653549194336, "loss": 2.5644762306598068e-05, "time": 3.510900115966797, "epoch": 19, "iter": 19, "step": 19}
{"accuracy/top1": 100.0, "data_time": 0.01121225357055664, "time": 0.3013308525085449, "step": 19}
