{"lr": 0.1, "data_time": 0.005488538742065429, "loss": 10.08681230545044, "time": 0.027344632148742675, "epoch": 1, "iter": 12, "memory": 1034, "step": 12}
