{"lr": 0.1, "data_time": 0.01776270866394043, "loss": 13.0404367685318, "time": 0.1328554630279541, "epoch": 1, "iter": 10, "memory": 1034, "step": 10}
{"accuracy/top1": 23.913043975830078, "data_time": 0.009048467097075089, "time": 0.014266579047493313, "step": 1}
{"lr": 0.1, "data_time": 0.006933403015136719, "loss": 18.546482181549074, "time": 0.031061601638793946, "epoch": 2, "iter": 13, "memory": 1034, "step": 13}
{"accuracy/top1": 23.913043975830078, "data_time": 0.008296971625470101, "time": 0.01335265281352591, "step": 2}
{"lr": 0.1, "data_time": 0.01696031093597412, "loss": 16.788839694857597, "time": 0.04099328517913818, "epoch": 3, "iter": 16, "memory": 1034, "step": 16}
