{"lr": 5e-06, "data_time": 0.0003120660781860352, "loss": 11.540631294250488, "time": 0.03975257873535156, "epoch": 1, "iter": 866, "memory": 1225, "step": 866}
{"accuracy/top1": 83.97212982177734, "data_time": 0.0026957814286394815, "time": 0.013311199194878236, "step": 1}
