{"lr": 0.1, "data_time": 0.0010446071624755859, "loss": 9.481043553352356, "time": 0.023683714866638183, "epoch": 1, "iter": 12, "memory": 1034, "step": 12}
