{"lr": 0.1, "data_time": 0.20467925071716309, "loss": 0.546191930770874, "time": 3.4754555225372314, "epoch": 1, "iter": 1, "step": 1}
{"accuracy/top1": 50.0, "data_time": 0.03168296813964844, "time": 0.3098871111869812, "step": 1}
{"accuracy/top1": 50.0, "data_time": 0.007347583770751953, "time": 0.2733952045440674, "step": 2}
{"accuracy/top1": 50.0, "data_time": 0.011336374282836913, "time": 0.28681368827819825, "step": 3}
{"accuracy/top1": 50.0, "data_time": 0.01139845848083496, "time": 0.2824286937713623, "step": 4}
