{"lr": 0.1, "data_time": 0.0020110368728637694, "loss": 8.98582170009613, "time": 0.024405694007873534, "epoch": 1, "iter": 12, "memory": 1034, "step": 12}
