{"lr": 5e-06, "data_time": 0.0005392789840698242, "loss": 11.540621662139893, "time": 0.058802318572998044, "epoch": 1, "iter": 866, "memory": 1225, "step": 866}
{"accuracy/top1": 83.97212982177734, "data_time": 0.002473500962872123, "time": 0.013162207520381915, "step": 1}
{"lr": 5e-06, "data_time": 0.0005692005157470703, "loss": 10.493265533447266, "time": 0.05807387828826904, "epoch": 2, "iter": 1732, "memory": 1227, "step": 1732}
{"accuracy/top1": 84.14634704589844, "data_time": 0.001416619756947393, "time": 0.011953875500222911, "step": 2}
{"lr": 5e-06, "data_time": 0.0005295753479003906, "loss": 9.446030855178833, "time": 0.058049559593200684, "epoch": 3, "iter": 2598, "memory": 1230, "step": 2598}
{"accuracy/top1": 84.320556640625, "data_time": 0.0014548766094705332, "time": 0.0120816069063933, "step": 3}
{"lr": 5e-06, "data_time": 0.0005655288696289062, "loss": 8.399184942245483, "time": 0.05793964862823486, "epoch": 4, "iter": 3464, "memory": 1233, "step": 3464}
{"accuracy/top1": 84.14634704589844, "data_time": 0.002303391332211702, "time": 0.012892546861068062, "step": 4}
