{"lr": 0.1, "data_time": 0.02065155506134033, "loss": 12.292361760139466, "time": 0.04151654243469238, "epoch": 1, "iter": 12, "memory": 1037, "step": 12}
