{"lr": 0.01, "data_time": 0.0008332490921020508, "loss": 0.5498220071196556, "time": 0.16055312156677246, "epoch": 1, "iter": 716, "memory": 449, "step": 716}
{"accuracy/top1": 75.27932739257812, "data_time": 0.0018690704633403756, "time": 0.012199524727613566, "step": 1}
{"lr": 0.01, "data_time": 0.0008310556411743164, "loss": 0.5339007288217544, "time": 0.15647718906402588, "epoch": 2, "iter": 1432, "memory": 452, "step": 1432}
{"accuracy/top1": 75.27932739257812, "data_time": 0.0015993517313043443, "time": 0.01195010414017128, "step": 2}
