{"lr": 0.1, "data_time": 0.22184062004089355, "loss": 0.2786092162132263, "time": 3.7888495922088623, "epoch": 1, "iter": 1, "step": 1}
{"accuracy/top1": 50.0, "data_time": 0.028910815715789795, "time": 0.3443185091018677, "step": 1}
