{"lr": 0.1, "data_time": 0.0009467601776123047, "loss": 12.991223096847534, "time": 0.02299351692199707, "epoch": 1, "iter": 12, "memory": 1034, "step": 12}
