{"accuracy/top1": 82.92683410644531, "data_time": 0.007948471440209283, "time": 0.17863349119822183}