{"lr": 0.1, "data_time": 0.0019408941268920898, "loss": 8.768378114700317, "time": 0.02388575077056885, "epoch": 1, "iter": 12, "memory": 1034, "step": 12}
