{"accuracy/top1": 52.264808654785156, "data_time": 0.035976807276407875, "time": 0.2953140205807156}