{"accuracy/top1": 78.04878234863281, "data_time": 0.03352120187547472, "time": 0.25861595736609566}