{"lr": 0.1, "data_time": 0.033621907234191895, "loss": 2.484161503612995, "time": 0.9573444724082947, "epoch": 1, "iter": 4, "step": 4}
{"accuracy/top1": 25.0, "data_time": 0.02971470355987549, "time": 0.3126910924911499, "step": 1}
