{"lr": 1e-05, "data_time": 0.0005769968032836914, "loss": 0.7467951893806457, "time": 0.08228025436401368, "epoch": 1, "iter": 217, "memory": 4184, "step": 217}
