{"lr": 0.01, "data_time": 0.00865638256072998, "loss": 1.6030599236488343, "time": 0.022270393371582032, "epoch": 1, "iter": 46, "memory": 552, "step": 46}
