{"lr": 0.1, "data_time": 0.23898625373840332, "loss": 0.46214836835861206, "time": 3.6940388679504395, "epoch": 1, "iter": 1, "step": 1}
{"accuracy/top1": 25.0, "data_time": 0.03273957967758179, "time": 0.32128530740737915, "step": 1}
{"lr": 0.1, "data_time": 0.19985032081604004, "loss": 0.6804163157939911, "time": 3.766219139099121, "epoch": 2, "iter": 2, "step": 2}
{"accuracy/top1": 50.0, "data_time": 0.011325693130493164, "time": 0.2948614120483398, "step": 2}
{"lr": 0.1, "data_time": 0.17682862281799316, "loss": 0.8700030048688253, "time": 3.673734505971273, "epoch": 3, "iter": 3, "step": 3}
{"accuracy/top1": 50.0, "data_time": 0.010954713821411133, "time": 0.2980814933776855, "step": 3}
{"lr": 0.1, "data_time": 0.1763061285018921, "loss": 0.9281671494245529, "time": 3.659027934074402, "epoch": 4, "iter": 4, "step": 4}
{"accuracy/top1": 50.0, "data_time": 0.010994148254394532, "time": 0.2985109329223633, "step": 4}
{"lr": 0.1, "data_time": 0.16760549545288086, "loss": 0.8796375155448913, "time": 3.6194804668426515, "epoch": 5, "iter": 5, "step": 5}
{"accuracy/top1": 75.0, "data_time": 0.011400222778320312, "time": 0.30832204818725584, "step": 5}
{"lr": 0.1, "data_time": 0.16158433755238852, "loss": 0.7965972572565079, "time": 3.596292416254679, "epoch": 6, "iter": 6, "step": 6}
{"accuracy/top1": 75.0, "data_time": 0.011999368667602539, "time": 0.2983577728271484, "step": 6}
{"lr": 0.1, "data_time": 0.15786317416599818, "loss": 0.7545366074357714, "time": 3.592907564980643, "epoch": 7, "iter": 7, "step": 7}
{"accuracy/top1": 100.0, "data_time": 0.0077797889709472655, "time": 0.29525027275085447, "step": 7}
{"lr": 0.1, "data_time": 0.15356960892677307, "loss": 0.6612889702664688, "time": 3.585814446210861, "epoch": 8, "iter": 8, "step": 8}
{"accuracy/top1": 50.0, "data_time": 0.012133073806762696, "time": 0.3017709255218506, "step": 8}
{"lr": 0.1, "data_time": 0.15227890014648438, "loss": 0.6499659362145596, "time": 3.5880024433135986, "epoch": 9, "iter": 9, "step": 9}
{"accuracy/top1": 75.0, "data_time": 0.012215280532836914, "time": 0.30488247871398927, "step": 9}
{"lr": 0.1, "data_time": 0.1488266944885254, "loss": 0.604343328718096, "time": 3.589407229423523, "epoch": 10, "iter": 10, "step": 10}
{"accuracy/top1": 50.0, "data_time": 0.011901664733886718, "time": 0.30830912590026854, "step": 10}
{"lr": 0.1, "data_time": 0.13877031803131104, "loss": 0.5624384217895567, "time": 3.577280282974243, "epoch": 11, "iter": 11, "step": 11}
{"accuracy/top1": 75.0, "data_time": 0.011741924285888671, "time": 0.3042471885681152, "step": 11}
{"lr": 0.1, "data_time": 0.13687803745269775, "loss": 0.4813712717033923, "time": 3.5547051191329957, "epoch": 12, "iter": 12, "step": 12}
{"accuracy/top1": 75.0, "data_time": 0.006508588790893555, "time": 0.3015568733215332, "step": 12}
{"lr": 0.1, "data_time": 0.13798909187316893, "loss": 0.35690594580955803, "time": 3.561109209060669, "epoch": 13, "iter": 13, "step": 13}
{"accuracy/top1": 75.0, "data_time": 0.012120962142944336, "time": 0.30316910743713377, "step": 13}
{"lr": 0.1, "data_time": 0.1354609966278076, "loss": 0.24668033892521635, "time": 3.5642343521118165, "epoch": 14, "iter": 14, "step": 14}
{"accuracy/top1": 75.0, "data_time": 0.011441850662231445, "time": 0.3110625743865967, "step": 14}
{"lr": 0.1, "data_time": 0.13742403984069823, "loss": 0.17813013128979946, "time": 3.5772109031677246, "epoch": 15, "iter": 15, "step": 15}
{"accuracy/top1": 75.0, "data_time": 0.007216072082519532, "time": 0.2936683177947998, "step": 15}
{"lr": 0.1, "data_time": 0.13724992275238038, "loss": 0.13999160639050387, "time": 3.586498737335205, "epoch": 16, "iter": 16, "step": 16}
{"accuracy/top1": 75.0, "data_time": 0.01152210235595703, "time": 0.31577420234680176, "step": 16}
{"lr": 0.1, "data_time": 0.13590421676635742, "loss": 0.08977725017375633, "time": 3.580539679527283, "epoch": 17, "iter": 17, "step": 17}
{"accuracy/top1": 75.0, "data_time": 0.0065117359161376955, "time": 0.30136995315551757, "step": 17}
{"lr": 0.1, "data_time": 0.13617594242095948, "loss": 0.08892559156101924, "time": 3.583613967895508, "epoch": 18, "iter": 18, "step": 18}
{"accuracy/top1": 75.0, "data_time": 0.007917976379394532, "time": 0.3079371929168701, "step": 18}
{"lr": 0.1, "data_time": 0.13707027435302735, "loss": 0.03299021944949345, "time": 3.585384154319763, "epoch": 19, "iter": 19, "step": 19}
{"accuracy/top1": 75.0, "data_time": 0.008174753189086914, "time": 0.3077491283416748, "step": 19}
{"lr": 0.1, "data_time": 0.13715503215789795, "loss": 0.013628118614360574, "time": 3.6274059057235717, "epoch": 20, "iter": 20, "step": 20}
{"accuracy/top1": 75.0, "data_time": 0.00776820182800293, "time": 0.32551989555358884, "step": 20}
{"lr": 0.1, "data_time": 0.1372173547744751, "loss": 0.009338055122861988, "time": 3.653654766082764, "epoch": 21, "iter": 21, "step": 21}
{"accuracy/top1": 75.0, "data_time": 0.008243179321289063, "time": 0.313059139251709, "step": 21}
{"lr": 0.1, "data_time": 0.13785769939422607, "loss": 0.0005437116484245053, "time": 3.667761540412903, "epoch": 22, "iter": 22, "step": 22}
{"accuracy/top1": 75.0, "data_time": 0.0069119930267333984, "time": 0.3185427188873291, "step": 22}
{"lr": 0.1, "data_time": 0.13494384288787842, "loss": 0.00010931738761428278, "time": 3.7187886238098145, "epoch": 23, "iter": 23, "step": 23}
{"accuracy/top1": 75.0, "data_time": 0.007337093353271484, "time": 0.31435432434082033, "step": 23}
{"lr": 0.1, "data_time": 0.13249359130859376, "loss": 7.511533294746187e-05, "time": 3.7392382621765137, "epoch": 24, "iter": 24, "step": 24}
{"accuracy/top1": 100.0, "data_time": 0.006582975387573242, "time": 0.3165281295776367, "step": 24}
{"lr": 0.1, "data_time": 0.13166468143463134, "loss": 8.692369192431215e-05, "time": 3.7460440397262573, "epoch": 25, "iter": 25, "step": 25}
{"accuracy/top1": 100.0, "data_time": 0.012424373626708984, "time": 0.30681333541870115, "step": 25}
{"lr": 0.1, "data_time": 0.1302173376083374, "loss": 9.64703698628e-05, "time": 3.757007884979248, "epoch": 26, "iter": 26, "step": 26}
{"accuracy/top1": 100.0, "data_time": 0.006900358200073242, "time": 0.311954402923584, "step": 26}
{"lr": 0.1, "data_time": 0.12996087074279786, "loss": 9.870379562926246e-05, "time": 3.7838627815246584, "epoch": 27, "iter": 27, "step": 27}
