{"lr": 0.1, "data_time": 0.030372202396392822, "loss": 2.7028430849313736, "time": 0.9410244226455688, "epoch": 1, "iter": 4, "step": 4}
{"accuracy/top1": 25.0, "data_time": 0.029297828674316406, "time": 0.31060367822647095, "step": 1}
