{"lr": 0.01, "data_time": 0.0005851030349731445, "loss": 0.2168338716030121, "time": 0.16318342685699463, "epoch": 1, "iter": 716, "memory": 1225, "step": 716}
{"accuracy/top1": 13.588850021362305, "data_time": 0.0022248897818322798, "time": 0.01269833925293713, "step": 1}
