{"lr": 0.1, "data_time": 0.0009531974792480469, "loss": 11.167061913013459, "time": 0.01875436305999756, "epoch": 1, "iter": 12, "memory": 1034, "step": 12}
