{"lr": 0.0001, "data_time": 0.0005161046981811523, "loss": 0.39144783318042753, "time": 0.1604848861694336, "epoch": 1, "iter": 716, "memory": 1224, "step": 716}
{"accuracy/top1": 68.8153305053711, "data_time": 0.0025752712209880977, "time": 0.013105982687415146, "step": 1}
{"lr": 0.0001, "data_time": 0.0005133390426635742, "loss": 0.2764171570539474, "time": 0.15954122543334961, "epoch": 2, "iter": 1432, "memory": 1227, "step": 1432}
{"accuracy/top1": 40.76655197143555, "data_time": 0.002104548164035963, "time": 0.01258321015731148, "step": 2}
