{"lr": 0.1, "data_time": 0.0016988039016723633, "loss": 9.872362422943116, "time": 0.023604702949523926, "epoch": 1, "iter": 12, "memory": 1034, "step": 12}
