{"lr": 0.1, "data_time": 0.0008907556533813476, "loss": 19.393686228990553, "time": 0.02187690734863281, "epoch": 1, "iter": 12, "memory": 1034, "step": 12}
