{"lr": 0.1, "data_time": 0.011290168762207032, "loss": 18.023106777667998, "time": 0.032968759536743164, "epoch": 1, "iter": 12, "memory": 1035, "step": 12}
