{"lr": 0.1, "data_time": 0.21284985542297363, "loss": 0.2385910153388977, "time": 3.5633976459503174, "epoch": 1, "iter": 1, "step": 1}
{"accuracy/top1": 25.0, "data_time": 0.031503915786743164, "time": 0.32342004776000977, "step": 1}
