{"lr": 0.1, "data_time": 0.21633648872375488, "loss": 0.2637494206428528, "time": 3.7265942096710205, "epoch": 1, "iter": 1, "step": 1}
{"accuracy/top1": 25.0, "data_time": 0.03355354070663452, "time": 0.3274732232093811, "step": 1}
{"lr": 0.1, "data_time": 0.1861131191253662, "loss": 0.19594354927539825, "time": 3.9753018617630005, "epoch": 2, "iter": 2, "step": 2}
{"accuracy/top1": 50.0, "data_time": 0.012378835678100586, "time": 0.3051440238952637, "step": 2}
{"lr": 0.1, "data_time": 0.16895214716593424, "loss": 0.14367882162332535, "time": 3.8481670220692954, "epoch": 3, "iter": 3, "step": 3}
{"accuracy/top1": 50.0, "data_time": 0.008156681060791015, "time": 0.29613633155822755, "step": 3}
{"lr": 0.1, "data_time": 0.16052550077438354, "loss": 0.109956044703722, "time": 3.7807677388191223, "epoch": 4, "iter": 4, "step": 4}
{"accuracy/top1": 50.0, "data_time": 0.011526775360107423, "time": 0.29876079559326174, "step": 4}
