{"lr": 0.1, "data_time": 0.23110079765319824, "loss": 4.82683801651001, "time": 3.691678047180176, "epoch": 1, "iter": 1, "step": 1}
{"accuracy/top1": 25.0, "data_time": 0.03325974941253662, "time": 0.3204331398010254, "step": 1}
{"lr": 0.1, "data_time": 0.18304920196533203, "loss": 1729750.5384190083, "time": 3.878482222557068, "epoch": 2, "iter": 2, "step": 2}
{"accuracy/top1": 0.0, "data_time": 0.012751913070678711, "time": 0.291551399230957, "step": 2}
{"lr": 0.1, "data_time": 0.16407060623168945, "loss": 5.177335441474945e+24, "time": 3.701035658518473, "epoch": 3, "iter": 3, "step": 3}
{"accuracy/top1": 0.0, "data_time": 0.011564064025878906, "time": 0.30117359161376955, "step": 3}
