{"lr": 0.1, "data_time": 0.2099616527557373, "loss": 0.5784608125686646, "time": 3.6065597534179688, "epoch": 1, "iter": 1, "step": 1}
{"accuracy/top1": 25.0, "data_time": 0.03092789649963379, "time": 0.3248029351234436, "step": 1}
{"lr": 0.1, "data_time": 0.17871606349945068, "loss": 0.8569375276565552, "time": 3.7465015649795532, "epoch": 2, "iter": 2, "step": 2}
{"accuracy/top1": 25.0, "data_time": 0.011243677139282227, "time": 0.2885312080383301, "step": 2}
{"lr": 0.1, "data_time": 0.16154328982035318, "loss": 1.1350346406300862, "time": 3.6384334564208984, "epoch": 3, "iter": 3, "step": 3}
{"accuracy/top1": 25.0, "data_time": 0.011362791061401367, "time": 0.29122166633605956, "step": 3}
{"lr": 0.1, "data_time": 0.1492556929588318, "loss": 1.261748731136322, "time": 3.5811198949813843, "epoch": 4, "iter": 4, "step": 4}
{"accuracy/top1": 25.0, "data_time": 0.011702871322631836, "time": 0.29424476623535156, "step": 4}
{"lr": 0.1, "data_time": 0.14749507904052733, "loss": 1.2725640296936036, "time": 3.561285448074341, "epoch": 5, "iter": 5, "step": 5}
{"accuracy/top1": 50.0, "data_time": 0.00758514404296875, "time": 0.2906675338745117, "step": 5}
