{"lr": 0.1, "data_time": 0.22694015502929688, "loss": 3.15588116645813, "time": 3.6475589275360107, "epoch": 1, "iter": 1, "step": 1}
