{"lr": 1e-05, "data_time": 0.0005324125289916992, "loss": 0.7146968305110931, "time": 0.07450764179229737, "epoch": 1, "iter": 217, "memory": 4184, "step": 217}
{"accuracy/top1": 13.414634704589844, "data_time": 0.008372599879900614, "time": 0.026184858547316656, "step": 1}
