{"lr": 0.1, "data_time": 0.20421671867370605, "loss": 2.0393199920654297, "time": 3.599116802215576, "epoch": 1, "iter": 1, "step": 1}
{"accuracy/top1": 25.0, "data_time": 0.033163249492645264, "time": 0.3244275450706482, "step": 1}
