{"lr": 0.1, "data_time": 0.22314167022705078, "loss": 0.20931296050548553, "time": 3.7801287174224854, "epoch": 1, "iter": 1, "step": 1}
