{"accuracy/top1": 85.54006958007812, "data_time": 0.43273842334747314, "time": 2.6552608940336437}