{"lr": 1e-05, "data_time": 0.0005382776260375976, "loss": 10.51447057723999, "time": 0.05762314796447754, "epoch": 1, "iter": 866, "memory": 1224, "step": 866}
{"accuracy/top1": 84.14634704589844, "data_time": 0.0028285481788555503, "time": 0.013348749705723353, "step": 1}
