{"lr": 0.01, "data_time": 0.0002414703369140625, "loss": 1.9227326095104218, "time": 0.021516847610473632, "epoch": 1, "iter": 12, "memory": 1034, "step": 12}
