{"lr": 0.1, "data_time": 0.21876811981201172, "loss": 0.1526118516921997, "time": 3.721475839614868, "epoch": 1, "iter": 1, "step": 1}
{"accuracy/top1": 25.0, "data_time": 0.03342843055725098, "time": 0.3375793695449829, "step": 1}
{"lr": 0.1, "data_time": 0.1786714792251587, "loss": 0.13710012659430504, "time": 3.8833460807800293, "epoch": 2, "iter": 2, "step": 2}
{"accuracy/top1": 50.0, "data_time": 0.007879877090454101, "time": 0.3044155120849609, "step": 2}
{"lr": 0.1, "data_time": 0.16886520385742188, "loss": 0.11851138869921367, "time": 3.7904885609944663, "epoch": 3, "iter": 3, "step": 3}
{"accuracy/top1": 75.0, "data_time": 0.011984634399414062, "time": 0.31145467758178713, "step": 3}
{"lr": 0.1, "data_time": 0.1597941517829895, "loss": 0.10034720599651337, "time": 3.740792393684387, "epoch": 4, "iter": 4, "step": 4}
{"accuracy/top1": 25.0, "data_time": 0.01129617691040039, "time": 0.29517531394958496, "step": 4}
{"lr": 0.1, "data_time": 0.15200109481811525, "loss": 0.08638545162975789, "time": 3.708415174484253, "epoch": 5, "iter": 5, "step": 5}
{"accuracy/top1": 25.0, "data_time": 0.011504936218261718, "time": 0.30031723976135255, "step": 5}
{"lr": 0.1, "data_time": 0.150389035542806, "loss": 0.0747215747833252, "time": 3.6847397486368814, "epoch": 6, "iter": 6, "step": 6}
{"accuracy/top1": 25.0, "data_time": 0.011468601226806641, "time": 0.30689229965209963, "step": 6}
{"lr": 0.1, "data_time": 0.14619803428649902, "loss": 0.06543934943952731, "time": 3.655555418559483, "epoch": 7, "iter": 7, "step": 7}
{"accuracy/top1": 50.0, "data_time": 0.007643365859985351, "time": 0.29630451202392577, "step": 7}
{"lr": 0.1, "data_time": 0.14374026656150818, "loss": 0.05793545441702008, "time": 3.644896000623703, "epoch": 8, "iter": 8, "step": 8}
{"accuracy/top1": 50.0, "data_time": 0.007607269287109375, "time": 0.3001276969909668, "step": 8}
{"lr": 0.1, "data_time": 0.14432194497850206, "loss": 0.051823239411330886, "time": 3.6350000699361167, "epoch": 9, "iter": 9, "step": 9}
{"accuracy/top1": 50.0, "data_time": 0.007769632339477539, "time": 0.3018065929412842, "step": 9}
{"lr": 0.1, "data_time": 0.14261071681976317, "loss": 0.046806385938543825, "time": 3.6268563508987426, "epoch": 10, "iter": 10, "step": 10}
{"accuracy/top1": 50.0, "data_time": 0.011177968978881837, "time": 0.31056923866271974, "step": 10}
{"lr": 0.1, "data_time": 0.1330043077468872, "loss": 0.03162917311419733, "time": 3.6034089803695677, "epoch": 11, "iter": 11, "step": 11}
{"accuracy/top1": 75.0, "data_time": 0.009633731842041016, "time": 0.29285368919372556, "step": 11}
{"lr": 0.1, "data_time": 0.13235197067260743, "loss": 0.01950445690890774, "time": 3.5596906900405885, "epoch": 12, "iter": 12, "step": 12}
{"accuracy/top1": 75.0, "data_time": 0.008048582077026366, "time": 0.30484347343444823, "step": 12}
{"lr": 0.1, "data_time": 0.131689453125, "loss": 0.011395500710932538, "time": 3.5655662298202513, "epoch": 13, "iter": 13, "step": 13}
{"accuracy/top1": 75.0, "data_time": 0.010726833343505859, "time": 0.30393414497375487, "step": 13}
{"lr": 0.1, "data_time": 0.1322394847869873, "loss": 0.00682319328043377, "time": 3.5590930938720704, "epoch": 14, "iter": 14, "step": 14}
{"accuracy/top1": 75.0, "data_time": 0.01128840446472168, "time": 0.2987354755401611, "step": 14}
{"lr": 0.1, "data_time": 0.13190052509307862, "loss": 0.003779275970737217, "time": 3.555025553703308, "epoch": 15, "iter": 15, "step": 15}
{"accuracy/top1": 75.0, "data_time": 0.011395072937011719, "time": 0.302918815612793, "step": 15}
{"lr": 0.1, "data_time": 0.13205645084381104, "loss": 0.0021457853537867775, "time": 3.551838421821594, "epoch": 16, "iter": 16, "step": 16}
{"accuracy/top1": 75.0, "data_time": 0.012308883666992187, "time": 0.3031050682067871, "step": 16}
{"lr": 0.1, "data_time": 0.13331365585327148, "loss": 0.0011780916895077099, "time": 3.5581810235977174, "epoch": 17, "iter": 17, "step": 17}
{"accuracy/top1": 75.0, "data_time": 0.011114788055419923, "time": 0.30865135192871096, "step": 17}
{"lr": 0.1, "data_time": 0.13321855068206787, "loss": 0.000641504802115378, "time": 3.5485501289367676, "epoch": 18, "iter": 18, "step": 18}
{"accuracy/top1": 75.0, "data_time": 0.011568212509155273, "time": 0.29572138786315916, "step": 18}
{"lr": 0.1, "data_time": 0.13356418609619142, "loss": 0.0003529682820953894, "time": 3.5466534376144407, "epoch": 19, "iter": 19, "step": 19}
{"accuracy/top1": 75.0, "data_time": 0.011324596405029298, "time": 0.3003422737121582, "step": 19}
{"lr": 0.1, "data_time": 0.13217153549194335, "loss": 0.00019157568822265604, "time": 3.5446280241012573, "epoch": 20, "iter": 20, "step": 20}
{"accuracy/top1": 75.0, "data_time": 0.011298561096191406, "time": 0.3044568061828613, "step": 20}
{"lr": 0.1, "data_time": 0.13364248275756835, "loss": 0.00011039786659239326, "time": 3.5448004961013795, "epoch": 21, "iter": 21, "step": 21}
{"accuracy/top1": 75.0, "data_time": 0.011213588714599609, "time": 0.3004805564880371, "step": 21}
{"lr": 0.1, "data_time": 0.1342630386352539, "loss": 7.8892363308114e-05, "time": 3.5352694034576415, "epoch": 22, "iter": 22, "step": 22}
{"accuracy/top1": 75.0, "data_time": 0.010993194580078126, "time": 0.2998265266418457, "step": 22}
{"lr": 0.1, "data_time": 0.13105249404907227, "loss": 5.61023443879094e-05, "time": 3.5146125316619874, "epoch": 23, "iter": 23, "step": 23}
{"accuracy/top1": 100.0, "data_time": 0.011499404907226562, "time": 0.29767231941223143, "step": 23}
{"lr": 0.1, "data_time": 0.13022565841674805, "loss": 4.4413687646738254e-05, "time": 3.510143208503723, "epoch": 24, "iter": 24, "step": 24}
{"accuracy/top1": 100.0, "data_time": 0.011548471450805665, "time": 0.3064894199371338, "step": 24}
{"lr": 0.1, "data_time": 0.1313472032546997, "loss": 3.604646899475483e-05, "time": 3.503851127624512, "epoch": 25, "iter": 25, "step": 25}
{"accuracy/top1": 100.0, "data_time": 0.007980966567993164, "time": 0.315189266204834, "step": 25}
