{"lr": 0.1, "data_time": 0.19465208053588867, "loss": 5.12396764755249, "time": 3.537604331970215, "epoch": 1, "iter": 1, "step": 1}
{"accuracy/top1": 25.0, "data_time": 0.030107080936431885, "time": 0.32262319326400757, "step": 1}
{"lr": 0.1, "data_time": 0.16415071487426758, "loss": 57090.179171323776, "time": 4.109812617301941, "epoch": 2, "iter": 2, "step": 2}
{"accuracy/top1": 0.0, "data_time": 0.017909431457519533, "time": 0.29023590087890627, "step": 2}
{"lr": 0.1, "data_time": 0.15208005905151367, "loss": 4.240305098689023e+25, "time": 3.8744972546895347, "epoch": 3, "iter": 3, "step": 3}
{"accuracy/top1": 0.0, "data_time": 0.007399225234985351, "time": 0.2790534019470215, "step": 3}
{"lr": 0.1, "data_time": 0.1437498927116394, "loss": NaN, "time": 3.748869478702545, "epoch": 4, "iter": 4, "step": 4}
{"accuracy/top1": 0.0, "data_time": 0.011350870132446289, "time": 0.28251256942749026, "step": 4}
{"lr": 0.1, "data_time": 0.14026155471801757, "loss": NaN, "time": 3.6851978302001953, "epoch": 5, "iter": 5, "step": 5}
{"accuracy/top1": 0.0, "data_time": 0.01619753837585449, "time": 0.2935882568359375, "step": 5}
