{"lr": 0.01, "data_time": 0.0003506183624267578, "loss": 0.0, "time": 0.022481870651245118, "epoch": 1, "iter": 716, "memory": 556, "step": 716}
