{"lr": 0.1, "data_time": 0.20477867126464844, "loss": 0.18471750617027283, "time": 3.8200831413269043, "epoch": 1, "iter": 1, "step": 1}
{"accuracy/top1": 50.0, "data_time": 0.034259259700775146, "time": 0.3448903560638428, "step": 1}
{"lr": 0.1, "data_time": 0.16918396949768066, "loss": 0.15520434826612473, "time": 3.876358389854431, "epoch": 2, "iter": 2, "step": 2}
{"accuracy/top1": 75.0, "data_time": 0.012793159484863282, "time": 0.30227031707763674, "step": 2}
{"lr": 0.1, "data_time": 0.15658132235209146, "loss": 0.1265681510170301, "time": 3.7492663065592446, "epoch": 3, "iter": 3, "step": 3}
{"accuracy/top1": 100.0, "data_time": 0.008640384674072266, "time": 0.29532551765441895, "step": 3}
{"lr": 0.1, "data_time": 0.15446609258651733, "loss": 0.10184093238785863, "time": 3.6955727338790894, "epoch": 4, "iter": 4, "step": 4}
{"accuracy/top1": 100.0, "data_time": 0.00832819938659668, "time": 0.2989058017730713, "step": 4}
{"lr": 0.1, "data_time": 0.14735879898071289, "loss": 0.08343675509095191, "time": 3.654748249053955, "epoch": 5, "iter": 5, "step": 5}
{"accuracy/top1": 100.0, "data_time": 0.006776952743530273, "time": 0.2896320343017578, "step": 5}
{"lr": 0.1, "data_time": 0.14507015546162924, "loss": 0.07002346656130005, "time": 3.6313853661219277, "epoch": 6, "iter": 6, "step": 6}
{"accuracy/top1": 100.0, "data_time": 0.011314010620117188, "time": 0.3012388229370117, "step": 6}
{"lr": 0.1, "data_time": 0.14306579317365373, "loss": 0.06012142892827147, "time": 3.6092103890010288, "epoch": 7, "iter": 7, "step": 7}
