{"accuracy/top1": 88.15331268310547, "data_time": 0.03398378690083822, "time": 0.2555513381958008}