{"accuracy/top1": 82.40418243408203, "data_time": 0.00878591669930352, "time": 0.17734028233422172}