{"lr": 0.0001, "data_time": 0.00047366619110107423, "loss": 0.4003574147820473, "time": 0.15777499675750734, "epoch": 1, "iter": 866, "memory": 1225, "step": 866}
{"accuracy/top1": 75.08711242675781, "data_time": 0.0021704111365075727, "time": 0.012674618681133416, "step": 1}
