{"lr": 0.01, "data_time": 0.021613526344299316, "loss": 1.668113148212433, "time": 0.042434310913085936, "epoch": 1, "iter": 12, "memory": 1037, "step": 12}
