{"accuracy/top1": 82.19960021972656, "data_time": 0.002353294501228938, "time": 0.14508435934308975}