{"lr": 5e-05, "data_time": 0.0006469964981079101, "loss": 2.3468533635139464, "time": 0.1631946563720703, "epoch": 1, "iter": 716, "memory": 1224, "step": 716}
{"accuracy/top1": 82.57839965820312, "data_time": 0.0022925130166243177, "time": 0.012621956004498312, "step": 1}
{"lr": 5e-05, "data_time": 0.00053863525390625, "loss": 0.41842606067657473, "time": 0.1595824956893921, "epoch": 2, "iter": 1432, "memory": 1227, "step": 1432}
{"accuracy/top1": 68.29268646240234, "data_time": 0.0021891307830810545, "time": 0.012539515702620796, "step": 2}
{"lr": 5e-05, "data_time": 0.0005976200103759765, "loss": 0.37850514203310015, "time": 0.16022853851318358, "epoch": 3, "iter": 2148, "memory": 1229, "step": 2148}
{"accuracy/top1": 47.560977935791016, "data_time": 0.0027796554565429686, "time": 0.01311563782069994, "step": 3}
{"lr": 5e-05, "data_time": 0.000558018684387207, "loss": 0.37251700311899183, "time": 0.16124556064605713, "epoch": 4, "iter": 2864, "memory": 1231, "step": 2864}
{"accuracy/top1": 39.1986083984375, "data_time": 0.002285161640333093, "time": 0.012556757719620414, "step": 4}
