{"lr": 0.1, "data_time": 0.2094573974609375, "loss": 0.1688387095928192, "time": 3.6071269512176514, "epoch": 1, "iter": 1, "step": 1}
{"accuracy/top1": 25.0, "data_time": 0.03309708833694458, "time": 0.3336692452430725, "step": 1}
