{"accuracy/top1": 83.10104370117188, "data_time": 0.03337176640828451, "time": 0.25503189033932155}