{"lr": 0.01, "data_time": 0.0004823923110961914, "loss": 0.6270493596792222, "time": 0.2881490707397461, "epoch": 1, "iter": 252, "memory": 16377, "step": 252}
{"accuracy/top1": 79.44251251220703, "data_time": 0.009928180111779107, "time": 0.09642306963602702, "step": 1}
