{"lr": 0.1, "data_time": 0.19443821907043457, "loss": 0.4321020245552063, "time": 3.6838531494140625, "epoch": 1, "iter": 1, "step": 1}
