{"lr": 0.1, "data_time": 0.18719983100891113, "loss": 0.3668225407600403, "time": 3.574256420135498, "epoch": 1, "iter": 1, "step": 1}
