{"lr": 0.1, "data_time": 0.23697328567504883, "loss": 0.22442908585071564, "time": 3.6388373374938965, "epoch": 1, "iter": 1, "step": 1}
