{"lr": 0.0001, "data_time": 0.0007612943649291992, "loss": 0.39131020158529284, "time": 0.15975480079650878, "epoch": 1, "iter": 716, "memory": 1224, "step": 716}
{"accuracy/top1": 68.8153305053711, "data_time": 0.002876618597980991, "time": 0.013493066880761123, "step": 1}
