{"lr": 0.1, "data_time": 0.19470667839050293, "loss": 0.2693663537502289, "time": 4.1392176151275635, "epoch": 1, "iter": 1, "step": 1}
{"accuracy/top1": 25.0, "data_time": 0.03186827898025513, "time": 0.36586183309555054, "step": 1}
{"lr": 0.1, "data_time": 0.16825854778289795, "loss": 0.22127976268529892, "time": 4.1837252378463745, "epoch": 2, "iter": 2, "step": 2}
{"accuracy/top1": 50.0, "data_time": 0.00769805908203125, "time": 0.3009172439575195, "step": 2}
{"lr": 0.1, "data_time": 0.15287200609842935, "loss": 0.16824909299612045, "time": 4.052768627802531, "epoch": 3, "iter": 3, "step": 3}
{"accuracy/top1": 75.0, "data_time": 0.010583019256591797, "time": 0.3077409744262695, "step": 3}
{"lr": 0.1, "data_time": 0.1460520625114441, "loss": 0.12869704398326576, "time": 3.927847385406494, "epoch": 4, "iter": 4, "step": 4}
{"accuracy/top1": 75.0, "data_time": 0.007866764068603515, "time": 0.29002881050109863, "step": 4}
{"lr": 0.1, "data_time": 0.14408483505249023, "loss": 0.10350704248994588, "time": 3.9029288291931152, "epoch": 5, "iter": 5, "step": 5}
{"accuracy/top1": 50.0, "data_time": 0.011533212661743165, "time": 0.2964191913604736, "step": 5}
{"lr": 0.1, "data_time": 0.14355158805847168, "loss": 0.0863877125569464, "time": 3.8895230690638223, "epoch": 6, "iter": 6, "step": 6}
{"accuracy/top1": 50.0, "data_time": 0.009014415740966796, "time": 0.3006307601928711, "step": 6}
{"lr": 0.1, "data_time": 0.14289232662745885, "loss": 0.07410212668556986, "time": 3.898711681365967, "epoch": 7, "iter": 7, "step": 7}
{"accuracy/top1": 50.0, "data_time": 0.00970616340637207, "time": 0.31404948234558105, "step": 7}
{"lr": 0.1, "data_time": 0.1409595012664795, "loss": 0.06485411798894347, "time": 3.8807450234889984, "epoch": 8, "iter": 8, "step": 8}
{"accuracy/top1": 50.0, "data_time": 0.007914304733276367, "time": 0.33069353103637694, "step": 8}
{"lr": 0.1, "data_time": 0.14132454660203722, "loss": 0.05765632135444321, "time": 3.873784489101834, "epoch": 9, "iter": 9, "step": 9}
{"accuracy/top1": 50.0, "data_time": 0.012565994262695312, "time": 0.3368666648864746, "step": 9}
{"lr": 0.1, "data_time": 0.14101011753082277, "loss": 0.051896773159387524, "time": 3.852311849594116, "epoch": 10, "iter": 10, "step": 10}
{"accuracy/top1": 50.0, "data_time": 0.011334609985351563, "time": 0.31468186378479, "step": 10}
{"lr": 0.1, "data_time": 0.1343472719192505, "loss": 0.024962040939863074, "time": 3.7852350950241087, "epoch": 11, "iter": 11, "step": 11}
{"accuracy/top1": 50.0, "data_time": 0.011348485946655273, "time": 0.3076619148254395, "step": 11}
{"lr": 0.1, "data_time": 0.13268609046936036, "loss": 0.00764538749208441, "time": 3.7089858531951903, "epoch": 12, "iter": 12, "step": 12}
{"accuracy/top1": 50.0, "data_time": 0.011294174194335937, "time": 0.2956094264984131, "step": 12}
{"lr": 0.1, "data_time": 0.13276634216308594, "loss": 0.0014289184658991872, "time": 3.6720321655273436, "epoch": 13, "iter": 13, "step": 13}
{"accuracy/top1": 75.0, "data_time": 0.009064912796020508, "time": 0.31665654182434083, "step": 13}
{"lr": 0.1, "data_time": 0.13354060649871827, "loss": 0.0004260088891896885, "time": 3.662751245498657, "epoch": 14, "iter": 14, "step": 14}
{"accuracy/top1": 75.0, "data_time": 0.011387157440185546, "time": 0.29974780082702634, "step": 14}
{"lr": 0.1, "data_time": 0.1316614866256714, "loss": 0.0001516468348881972, "time": 3.620877242088318, "epoch": 15, "iter": 15, "step": 15}
{"accuracy/top1": 75.0, "data_time": 0.010951709747314454, "time": 0.2956946849822998, "step": 15}
{"lr": 0.1, "data_time": 0.13022186756134033, "loss": 7.321992022752965e-05, "time": 3.5803146839141844, "epoch": 16, "iter": 16, "step": 16}
{"accuracy/top1": 75.0, "data_time": 0.010804891586303711, "time": 0.294393253326416, "step": 16}
{"lr": 0.1, "data_time": 0.12776875495910645, "loss": 3.4692445069595124e-05, "time": 3.524898409843445, "epoch": 17, "iter": 17, "step": 17}
{"accuracy/top1": 75.0, "data_time": 0.007460880279541016, "time": 0.29971961975097655, "step": 17}
{"lr": 0.1, "data_time": 0.12855312824249268, "loss": 2.3041837016535284e-05, "time": 3.4914923906326294, "epoch": 18, "iter": 18, "step": 18}
{"accuracy/top1": 75.0, "data_time": 0.011701726913452148, "time": 0.2975473403930664, "step": 18}
{"lr": 0.1, "data_time": 0.12929308414459229, "loss": 1.572865954244662e-05, "time": 3.4572166442871093, "epoch": 19, "iter": 19, "step": 19}
{"accuracy/top1": 75.0, "data_time": 0.00775456428527832, "time": 0.2932093620300293, "step": 19}
{"lr": 0.1, "data_time": 0.12721683979034423, "loss": 9.972754952514151e-06, "time": 3.442054343223572, "epoch": 20, "iter": 20, "step": 20}
{"accuracy/top1": 75.0, "data_time": 0.011424493789672852, "time": 0.30501832962036135, "step": 20}
{"lr": 0.1, "data_time": 0.12803044319152831, "loss": 8.203309477039511e-06, "time": 3.4404351234436037, "epoch": 21, "iter": 21, "step": 21}
{"accuracy/top1": 75.0, "data_time": 0.011497783660888671, "time": 0.3081511974334717, "step": 21}
