{"lr": 5e-06, "data_time": 0.0005317449569702149, "loss": 11.507509708404541, "time": 0.057490062713623044, "epoch": 1, "iter": 866, "memory": 1225, "step": 866}
{"accuracy/top1": 83.97212982177734, "data_time": 0.0017338779329838239, "time": 0.012272656586942772, "step": 1}
{"lr": 5e-06, "data_time": 0.0005472660064697266, "loss": 10.42700424194336, "time": 0.057641100883483884, "epoch": 2, "iter": 1732, "memory": 1227, "step": 1732}
