{"lr": 0.0001, "data_time": 0.0004212379455566406, "loss": 0.4001475214958191, "time": 0.048993253707885744, "epoch": 1, "iter": 866, "memory": 1225, "step": 866}
{"accuracy/top1": 74.91289520263672, "data_time": 0.002490036578959289, "time": 0.013011132383180413, "step": 1}
