{"lr": 0.1, "data_time": 0.20125746726989746, "loss": 0.8720188736915588, "time": 4.064708471298218, "epoch": 1, "iter": 1, "step": 1}
{"accuracy/top1": 25.0, "data_time": 0.03250998258590698, "time": 0.34027522802352905, "step": 1}
{"lr": 0.1, "data_time": 0.16699254512786865, "loss": 0.5795304477214813, "time": 3.9989218711853027, "epoch": 2, "iter": 2, "step": 2}
{"accuracy/top1": 75.0, "data_time": 0.011329936981201171, "time": 0.3066319465637207, "step": 2}
{"lr": 0.1, "data_time": 0.14876556396484375, "loss": 0.45160416265328723, "time": 3.824016014734904, "epoch": 3, "iter": 3, "step": 3}
{"accuracy/top1": 75.0, "data_time": 0.010168933868408203, "time": 0.3040030479431152, "step": 3}
