{"lr": 0.1, "data_time": 0.22237706184387207, "loss": 0.4720916152000427, "time": 3.661491632461548, "epoch": 1, "iter": 1, "step": 1}
{"accuracy/top1": 25.0, "data_time": 0.03320997953414917, "time": 0.32894229888916016, "step": 1}
{"lr": 0.1, "data_time": 0.17794537544250488, "loss": 0.7093278467655182, "time": 3.7762093544006348, "epoch": 2, "iter": 2, "step": 2}
{"accuracy/top1": 50.0, "data_time": 0.011100482940673829, "time": 0.30846343040466306, "step": 2}
{"lr": 0.1, "data_time": 0.1649759610493978, "loss": 0.9250072439511617, "time": 3.6504435539245605, "epoch": 3, "iter": 3, "step": 3}
{"accuracy/top1": 50.0, "data_time": 0.011447572708129882, "time": 0.29163050651550293, "step": 3}
{"lr": 0.1, "data_time": 0.1563205122947693, "loss": 0.9942183941602707, "time": 3.5891666412353516, "epoch": 4, "iter": 4, "step": 4}
{"accuracy/top1": 50.0, "data_time": 0.009629249572753906, "time": 0.29193577766418455, "step": 4}
