{"lr": 0.1, "data_time": 0.21335291862487793, "loss": 0.2581067979335785, "time": 3.6149590015411377, "epoch": 1, "iter": 1, "step": 1}
{"accuracy/top1": 25.0, "data_time": 0.03280442953109741, "time": 0.32799404859542847, "step": 1}
{"lr": 0.1, "data_time": 0.16724300384521484, "loss": 0.20454727113246918, "time": 3.7445878982543945, "epoch": 2, "iter": 2, "step": 2}
{"accuracy/top1": 50.0, "data_time": 0.011347579956054687, "time": 0.3008411407470703, "step": 2}
{"lr": 0.1, "data_time": 0.15531452496846518, "loss": 0.15303251892328262, "time": 3.642723560333252, "epoch": 3, "iter": 3, "step": 3}
{"accuracy/top1": 50.0, "data_time": 0.011261272430419921, "time": 0.29065237045288084, "step": 3}
{"lr": 0.1, "data_time": 0.1448277235031128, "loss": 0.11676204879768193, "time": 3.5943564772605896, "epoch": 4, "iter": 4, "step": 4}
{"accuracy/top1": 50.0, "data_time": 0.011470746994018555, "time": 0.3044841766357422, "step": 4}
