{"lr": 0.1, "data_time": 0.23836851119995117, "loss": 0.2237052619457245, "time": 3.739048719406128, "epoch": 1, "iter": 1, "step": 1}
{"accuracy/top1": 25.0, "data_time": 0.030960261821746826, "time": 0.3260663151741028, "step": 1}
{"lr": 0.1, "data_time": 0.18164539337158203, "loss": 70.19288443028927, "time": 3.8495553731918335, "epoch": 2, "iter": 2, "step": 2}
{"accuracy/top1": 25.0, "data_time": 0.011447525024414063, "time": 0.31016058921813966, "step": 2}
{"lr": 0.1, "data_time": 0.16083081563313803, "loss": 53513534.79525629, "time": 3.7486453851064048, "epoch": 3, "iter": 3, "step": 3}
