{"lr": 0.01, "data_time": 0.0004681825637817383, "loss": 0.23331616446375847, "time": 0.16094119548797609, "epoch": 1, "iter": 504, "memory": 8237, "step": 504}
{"accuracy/top1": 82.40418243408203, "data_time": 0.04192275140020582, "time": 0.08682040704621209, "step": 1}
