{"lr": 0.1, "data_time": 0.20893335342407227, "loss": 0.34007248282432556, "time": 3.6018357276916504, "epoch": 1, "iter": 1, "step": 1}
{"accuracy/top1": 25.0, "data_time": 0.03329437971115112, "time": 0.329464852809906, "step": 1}
{"lr": 0.1, "data_time": 0.17211925983428955, "loss": 0.2424038201570511, "time": 3.7421799898147583, "epoch": 2, "iter": 2, "step": 2}
{"accuracy/top1": 50.0, "data_time": 0.011355209350585937, "time": 0.2912266731262207, "step": 2}
{"lr": 0.1, "data_time": 0.1571648120880127, "loss": 0.19443152844905853, "time": 3.6944963932037354, "epoch": 3, "iter": 3, "step": 3}
{"accuracy/top1": 50.0, "data_time": 0.007377147674560547, "time": 0.28561649322509763, "step": 3}
{"lr": 0.1, "data_time": 0.15094006061553955, "loss": 0.15572264790534973, "time": 3.650763750076294, "epoch": 4, "iter": 4, "step": 4}
{"accuracy/top1": 50.0, "data_time": 0.011449241638183593, "time": 0.30437345504760743, "step": 4}
{"lr": 0.1, "data_time": 0.1555180549621582, "loss": 0.128996279835701, "time": 3.6256967067718504, "epoch": 5, "iter": 5, "step": 5}
{"accuracy/top1": 50.0, "data_time": 0.011275339126586913, "time": 0.3115124225616455, "step": 5}
{"lr": 0.1, "data_time": 0.15745091438293457, "loss": 0.10816014364051323, "time": 3.6088016430536904, "epoch": 6, "iter": 6, "step": 6}
{"accuracy/top1": 50.0, "data_time": 0.011240386962890625, "time": 0.29595193862915037, "step": 6}
{"lr": 0.1, "data_time": 0.1529961654118129, "loss": 0.09292244650090911, "time": 3.593341895512172, "epoch": 7, "iter": 7, "step": 7}
{"accuracy/top1": 50.0, "data_time": 0.011424064636230469, "time": 0.30273146629333497, "step": 7}
{"lr": 0.1, "data_time": 0.15016445517539978, "loss": 0.081357123755879, "time": 3.5898434817790985, "epoch": 8, "iter": 8, "step": 8}
{"accuracy/top1": 50.0, "data_time": 0.010636186599731446, "time": 0.29439072608947753, "step": 8}
{"lr": 0.1, "data_time": 0.1484976609547933, "loss": 0.07233576834227683, "time": 3.5788530508677163, "epoch": 9, "iter": 9, "step": 9}
{"accuracy/top1": 50.0, "data_time": 0.011259508132934571, "time": 0.2997565746307373, "step": 9}
{"lr": 0.1, "data_time": 0.14737050533294677, "loss": 0.06510924047834124, "time": 3.571339750289917, "epoch": 10, "iter": 10, "step": 10}
{"accuracy/top1": 50.0, "data_time": 0.011258840560913086, "time": 0.3024507999420166, "step": 10}
{"lr": 0.1, "data_time": 0.13892014026641847, "loss": 0.03111310288804816, "time": 3.5607266426086426, "epoch": 11, "iter": 11, "step": 11}
{"accuracy/top1": 50.0, "data_time": 0.011462116241455078, "time": 0.3030520439147949, "step": 11}
{"lr": 0.1, "data_time": 0.13992578983306886, "loss": 0.016640240610104228, "time": 3.523380899429321, "epoch": 12, "iter": 12, "step": 12}
{"accuracy/top1": 50.0, "data_time": 0.012109994888305664, "time": 0.30568203926086424, "step": 12}
{"lr": 0.1, "data_time": 0.14100024700164795, "loss": 0.006796201994984585, "time": 3.510379767417908, "epoch": 13, "iter": 13, "step": 13}
{"accuracy/top1": 50.0, "data_time": 0.011568164825439453, "time": 0.30984973907470703, "step": 13}
{"lr": 0.1, "data_time": 0.1427401065826416, "loss": 0.002836974429669681, "time": 3.5017905473709106, "epoch": 14, "iter": 14, "step": 14}
{"accuracy/top1": 75.0, "data_time": 0.011324119567871094, "time": 0.3027465343475342, "step": 14}
{"lr": 0.1, "data_time": 0.1391435146331787, "loss": 0.0006298767378439152, "time": 3.5012464046478273, "epoch": 15, "iter": 15, "step": 15}
{"accuracy/top1": 100.0, "data_time": 0.011810016632080079, "time": 0.30180792808532714, "step": 15}
{"lr": 0.1, "data_time": 0.13741869926452638, "loss": 0.00023239479016865517, "time": 3.5000190258026125, "epoch": 16, "iter": 16, "step": 16}
{"accuracy/top1": 100.0, "data_time": 0.011253929138183594, "time": 0.3023519992828369, "step": 16}
