{"lr": 1e-05, "data_time": 0.0008218526840209961, "loss": 0.7608843147754669, "time": 0.16436195373535156, "epoch": 1, "iter": 217, "memory": 4201, "step": 217}
{"accuracy/top1": 13.414634704589844, "data_time": 0.007704358961847093, "time": 0.04534680975808038, "step": 1}
