{"lr": 0.01, "data_time": 0.00035116672515869143, "loss": 0.0, "time": 0.022496819496154785, "epoch": 1, "iter": 716, "memory": 556, "step": 716}
