{"lr": 0.1, "data_time": 0.2248218059539795, "loss": 0.2275959849357605, "time": 3.62286376953125, "epoch": 1, "iter": 1, "step": 1}
{"accuracy/top1": 25.0, "data_time": 0.032791852951049805, "time": 0.3255729675292969, "step": 1}
{"lr": 0.1, "data_time": 0.18571555614471436, "loss": 68.27352699637413, "time": 3.7616385221481323, "epoch": 2, "iter": 2, "step": 2}
{"accuracy/top1": 25.0, "data_time": 0.011063098907470703, "time": 0.3017429351806641, "step": 2}
{"lr": 0.1, "data_time": 0.16729203859965006, "loss": 18306442.849017996, "time": 3.7091705799102783, "epoch": 3, "iter": 3, "step": 3}
