{"lr": 0.1, "data_time": 0.26276111602783203, "loss": 0.4216517210006714, "time": 3.973280191421509, "epoch": 1, "iter": 1, "step": 1}
{"accuracy/top1": 25.0, "data_time": 0.02872622013092041, "time": 0.33419984579086304, "step": 1}
{"accuracy/top1": 25.0, "data_time": 0.040795516967773435, "time": 0.3360957145690918, "step": 2}
