{"lr": 0.01, "data_time": 0.0003072023391723633, "loss": 1.8517955660820007, "time": 0.022159576416015625, "epoch": 1, "iter": 12, "memory": 1034, "step": 12}
