{"lr": 0.1, "data_time": 0.23013520240783691, "loss": 1.3942241668701172, "time": 3.662853479385376, "epoch": 1, "iter": 1, "step": 1}
{"accuracy/top1": 50.0, "data_time": 0.03290212154388428, "time": 0.33287888765335083, "step": 1}
