{"lr": 0.1, "data_time": 0.19817423820495605, "loss": 1.3466076850891113, "time": 3.719935417175293, "epoch": 1, "iter": 1, "step": 1}
{"accuracy/top1": 25.0, "data_time": 0.034430861473083496, "time": 0.327154278755188, "step": 1}
{"lr": 0.1, "data_time": 0.16338825225830078, "loss": 4239.989710092545, "time": 3.9609010219573975, "epoch": 2, "iter": 2, "step": 2}
{"accuracy/top1": 25.0, "data_time": 0.01163487434387207, "time": 0.2925825595855713, "step": 2}
