{"lr": 0.1, "data_time": 0.2222423553466797, "loss": 0.1977933794260025, "time": 3.8061296939849854, "epoch": 1, "iter": 1, "step": 1}
{"accuracy/top1": 25.0, "data_time": 0.028418660163879395, "time": 0.349068284034729, "step": 1}
{"lr": 0.1, "data_time": 0.1772233247756958, "loss": 0.16855471581220627, "time": 3.895087718963623, "epoch": 2, "iter": 2, "step": 2}
{"accuracy/top1": 75.0, "data_time": 0.011377620697021484, "time": 0.3093706130981445, "step": 2}
{"lr": 0.1, "data_time": 0.1631479263305664, "loss": 0.1377559577425321, "time": 3.774278481801351, "epoch": 3, "iter": 3, "step": 3}
{"accuracy/top1": 100.0, "data_time": 0.011285877227783203, "time": 0.3117522239685059, "step": 3}
{"lr": 0.1, "data_time": 0.15438765287399292, "loss": 0.11155715771019459, "time": 3.7124602794647217, "epoch": 4, "iter": 4, "step": 4}
{"accuracy/top1": 75.0, "data_time": 0.011950874328613281, "time": 0.29857549667358396, "step": 4}
