{"lr": 1e-05, "data_time": 0.0004347324371337891, "loss": 0.3363810181617737, "time": 3.640318012237549, "epoch": 1, "iter": 224, "memory": 9028, "step": 224}
{"accuracy/top1": 82.75261688232422, "data_time": 0.01974506676197052, "time": 0.6405469700694084, "step": 1}
