{"lr": 0.0001, "data_time": 0.00040950775146484373, "loss": 0.4003091961145401, "time": 0.04861934185028076, "epoch": 1, "iter": 866, "memory": 1225, "step": 866}
{"accuracy/top1": 75.43553924560547, "data_time": 0.002231492813455934, "time": 0.012627248980027043, "step": 1}
{"lr": 0.0001, "data_time": 0.0005396127700805664, "loss": 0.2781792119145393, "time": 0.05716321468353271, "epoch": 2, "iter": 1732, "memory": 1227, "step": 1732}
{"accuracy/top1": 52.613243103027344, "data_time": 0.0014108603933583135, "time": 0.011865010468856149, "step": 2}
