{"lr": 0.1, "data_time": 0.011785435676574706, "loss": 10.698641490936279, "time": 0.03428409099578857, "epoch": 1, "iter": 12, "memory": 1035, "step": 12}
