{"lr": 1e-05, "data_time": 0.0005184650421142578, "loss": 10.478437232971192, "time": 0.0565828800201416, "epoch": 1, "iter": 866, "memory": 1225, "step": 866}
{"accuracy/top1": 84.14634704589844, "data_time": 0.0023170078257650447, "time": 0.012526846098152187, "step": 1}
{"lr": 1e-05, "data_time": 0.0005150556564331055, "loss": 8.386309814453124, "time": 0.05641465187072754, "epoch": 2, "iter": 1732, "memory": 1229, "step": 1732}
{"accuracy/top1": 84.14634704589844, "data_time": 0.0015531494306481404, "time": 0.011733632709669031, "step": 2}
