{"lr": 0.1, "data_time": 0.21841168403625488, "loss": 1.395635962486267, "time": 3.8113958835601807, "epoch": 1, "iter": 1, "step": 1}
{"accuracy/top1": 25.0, "data_time": 0.031496286392211914, "time": 0.3291190266609192, "step": 1}
