{"accuracy/top1": 25.0, "data_time": 0.0181734561920166, "time": 0.301105797290802, "step": 1}
{"accuracy/top1": 25.0, "data_time": 0.00513458251953125, "time": 0.0618929386138916, "step": 2}
{"accuracy/top1": 25.0, "data_time": 0.0048492431640625, "time": 0.060526037216186525, "step": 3}
