{"lr": 5e-06, "data_time": 0.00046799182891845705, "loss": 11.540681648254395, "time": 0.045331931114196776, "epoch": 1, "iter": 866, "memory": 1224, "step": 866}
{"accuracy/top1": 83.97212982177734, "data_time": 0.0032242818991897, "time": 0.014146771580500055, "step": 1}
{"lr": 5e-06, "data_time": 0.0005599498748779297, "loss": 10.493341159820556, "time": 0.05674424171447754, "epoch": 2, "iter": 1732, "memory": 1227, "step": 1732}
{"accuracy/top1": 84.14634704589844, "data_time": 0.001768751973691194, "time": 0.012201382180918818, "step": 2}
{"lr": 5e-06, "data_time": 0.0004781484603881836, "loss": 9.446174001693725, "time": 0.049162864685058594, "epoch": 3, "iter": 2598, "memory": 1229, "step": 2598}
{"accuracy/top1": 84.320556640625, "data_time": 0.0015256786346435547, "time": 0.011910684005073878, "step": 3}
