{"lr": 0.01, "data_time": 0.0008031368255615234, "loss": 0.25613199910148976, "time": 0.17127635478973388, "epoch": 1, "iter": 716, "memory": 449, "step": 716}
{"accuracy/top1": 75.27932739257812, "data_time": 0.001566532936842082, "time": 0.012028003538121059, "step": 1}
