{"lr": 0.01, "data_time": 0.0005558967590332031, "loss": 0.6785852789878846, "time": 0.15697951316833497, "epoch": 1, "iter": 716, "memory": 449, "step": 716}
