{"lr": 0.1, "data_time": 0.03667712211608887, "loss": 2.65193173289299, "time": 1.0659363269805908, "epoch": 1, "iter": 4, "step": 4}
{"accuracy/top1": 25.0, "data_time": 0.027329742908477783, "time": 0.39586561918258667, "step": 1}
{"lr": 0.1, "data_time": 0.025864481925964355, "loss": 4.657407358288765, "time": 1.0572888553142548, "epoch": 2, "iter": 8, "step": 8}
{"accuracy/top1": 25.0, "data_time": 0.011333703994750977, "time": 0.2936225891113281, "step": 2}
{"lr": 0.1, "data_time": 0.012183046340942383, "loss": 6.229381418228149, "time": 0.9846760272979737, "epoch": 3, "iter": 12, "step": 12}
{"accuracy/top1": 50.0, "data_time": 0.007450532913208008, "time": 0.28463497161865237, "step": 3}
{"lr": 0.1, "data_time": 0.012421703338623047, "loss": 7.1523171186447145, "time": 0.9230658292770386, "epoch": 4, "iter": 16, "step": 16}
{"accuracy/top1": 25.0, "data_time": 0.01122584342956543, "time": 0.28945174217224123, "step": 4}
{"lr": 0.1, "data_time": 0.012437105178833008, "loss": 4.142913338541985, "time": 0.916278076171875, "epoch": 5, "iter": 20, "step": 20}
{"accuracy/top1": 25.0, "data_time": 0.011467266082763671, "time": 0.30668058395385744, "step": 5}
{"lr": 0.1, "data_time": 0.011803174018859863, "loss": 2.1760983427986504, "time": 0.9833985090255737, "epoch": 6, "iter": 24, "step": 24}
{"accuracy/top1": 25.0, "data_time": 0.012244176864624024, "time": 0.31972923278808596, "step": 6}
{"lr": 0.1, "data_time": 0.01134788990020752, "loss": 1.1870078017935157, "time": 1.0330600023269654, "epoch": 7, "iter": 28, "step": 28}
{"accuracy/top1": 25.0, "data_time": 0.011439847946166991, "time": 0.31845383644104003, "step": 7}
{"lr": 0.1, "data_time": 0.012283420562744141, "loss": 0.48781062066555025, "time": 1.064886474609375, "epoch": 8, "iter": 32, "step": 32}
{"accuracy/top1": 25.0, "data_time": 0.012168693542480468, "time": 0.29981689453125, "step": 8}
{"lr": 0.1, "data_time": 0.012825918197631837, "loss": 0.2945614382624626, "time": 1.023491334915161, "epoch": 9, "iter": 36, "step": 36}
{"accuracy/top1": 25.0, "data_time": 0.0076448917388916016, "time": 0.28842010498046877, "step": 9}
{"lr": 0.1, "data_time": 0.011799192428588868, "loss": 0.25803149193525315, "time": 0.9780591249465942, "epoch": 10, "iter": 40, "step": 40}
{"accuracy/top1": 25.0, "data_time": 0.012183666229248047, "time": 0.32581295967102053, "step": 10}
{"lr": 0.1, "data_time": 0.010597300529479981, "loss": 0.2752705588936806, "time": 0.9579756736755372, "epoch": 11, "iter": 44, "step": 44}
{"accuracy/top1": 25.0, "data_time": 0.008441734313964843, "time": 0.3057695388793945, "step": 11}
{"lr": 0.1, "data_time": 0.010722970962524414, "loss": 0.23263973295688628, "time": 0.9792866706848145, "epoch": 12, "iter": 48, "step": 48}
{"accuracy/top1": 25.0, "data_time": 0.011228227615356445, "time": 0.2918497085571289, "step": 12}
{"lr": 0.1, "data_time": 0.011901330947875977, "loss": 0.21623771637678146, "time": 0.9626437187194824, "epoch": 13, "iter": 52, "step": 52}
