{"lr": 0.01, "data_time": 0.0007900714874267579, "loss": 0.6083322629332543, "time": 0.17064671516418456, "epoch": 1, "iter": 716, "memory": 449, "step": 716}
