{"lr": 0.01, "data_time": 0.00034122467041015626, "loss": 1.5997403860092163, "time": 0.02331371307373047, "epoch": 1, "iter": 12, "memory": 1034, "step": 12}
