{"lr": 0.1, "data_time": 0.0072705745697021484, "loss": 16.131645488739014, "time": 0.02853968143463135, "epoch": 1, "iter": 12, "memory": 1037, "step": 12}
