{"lr": 0.1, "data_time": 0.21313118934631348, "loss": 0.4195953905582428, "time": 3.604727029800415, "epoch": 1, "iter": 1, "step": 1}
{"accuracy/top1": 50.0, "data_time": 0.033008694648742676, "time": 0.3421921730041504, "step": 1}
{"accuracy/top1": 50.0, "data_time": 0.012001371383666993, "time": 0.2975881099700928, "step": 2}
{"accuracy/top1": 50.0, "data_time": 0.007847833633422851, "time": 0.2914013385772705, "step": 3}
{"accuracy/top1": 50.0, "data_time": 0.007811164855957032, "time": 0.2869011402130127, "step": 4}
