{"accuracy/top1": 82.40418243408203, "data_time": 0.008263236946529813, "time": 0.17661072810490927}