{"lr": 5e-05, "data_time": 0.0005419015884399414, "loss": 2.590363419055939, "time": 0.05675241947174072, "epoch": 1, "iter": 866, "memory": 1225, "step": 866}
{"accuracy/top1": 83.62369537353516, "data_time": 0.002490671669564596, "time": 0.01289716705627973, "step": 1}
{"lr": 5e-05, "data_time": 0.0005381107330322266, "loss": 0.42436092495918276, "time": 0.057283425331115724, "epoch": 2, "iter": 1732, "memory": 1227, "step": 1732}
{"accuracy/top1": 74.73867797851562, "data_time": 0.001451755606609842, "time": 0.011876027895056682, "step": 2}
{"lr": 5e-05, "data_time": 0.00038356781005859374, "loss": 0.3928455576300621, "time": 0.0420799970626831, "epoch": 3, "iter": 2598, "memory": 1230, "step": 2598}
{"accuracy/top1": 64.98258209228516, "data_time": 0.0015095034889552905, "time": 0.011870504462200662, "step": 3}
{"lr": 5e-05, "data_time": 0.0005366325378417969, "loss": 0.39224872291088103, "time": 0.05769777297973633, "epoch": 4, "iter": 3464, "memory": 1233, "step": 3464}
{"accuracy/top1": 55.92334747314453, "data_time": 0.002789462131002675, "time": 0.013260931346727454, "step": 4}
{"lr": 5e-05, "data_time": 0.000543975830078125, "loss": 0.3942064970731735, "time": 0.057348012924194336, "epoch": 5, "iter": 4330, "memory": 1236, "step": 4330}
